email,senha       
0.2330783004224523@email.comuser123           
0.5960328087048986@email.comuser123           
0.09295267978655057@email.comuser123          
0.30111323949548746@email.comuser123          
0.3680457081206748@email.comuser123           
0.29341586740672376@email.comuser123          
0.6697255044874695@email.comuser123     
0.6604431334927512@email.comuser123           
0.4260284591693503@email.comuser123           
0.34427608472178395@email.comuser123          
0.5064326880946418@email.comuser123           
0.5927793923291304@email.comuser123           
0.2693429398805143@email.comuser123           
0.9997914465738313@email.comuser123           
0.5910241922349696@email.comuser123                  
